{"elapsed_tokens": 3048200.0, "elapsed_examples": 22472.0, "training_loss": 1.4874817630532846, "training_sequence_accuracy": 0.0, "training_token_accuracy": 0.5266457680250783, "_timestamp": 1669237861.281526, "_runtime": 0.7589530944824219, "_step": 2809, "fine_tuned_model": "curie:ft-jasincase-2022-11-22-03-03-23", "status": "succeeded", "_wandb": {"runtime": 3}}